{
   "effort" : [
      -0.0026206553506768438,
      -0.0044851159026850773,
      -0.40417744884119117,
      5.612480697651831e-05,
      -0.00073666420725253365,
      -0.00022554713124246171
   ],
   "header" : {
      "nsec" : 913565501,
      "sec" : 1734029121
   },
   "position" : [
      0.030574299449054834,
      -0.37369532105084979,
      0.12246959033000002,
      0.48606128899712747,
      -0.19156437267114751,
      -0.20170833831356091
   ],
   "velocity" : [ 0, 0, 0, 0, 0, 0 ]
}
