{
   "effort" : [
      -0.0035646949063199555,
      -0.0025970367914010524,
      -0.40980161585186925,
      5.612480697651831e-05,
      0.00061679899514146717,
      0.00025644905254879811
   ],
   "header" : {
      "nsec" : 944331019,
      "sec" : 1734029121
   },
   "position" : [
      0.030574299449054834,
      -0.37369532105084979,
      0.12246959033000002,
      0.48606128899712747,
      -0.19156437267114751,
      -0.20170833831356091
   ],
   "velocity" : [ 0, 0, 0, 0, 0, 0 ]
}
